@@,id,name,country
->,96668,SEÁN KELLY,REPUBLIC OF IRELAND->IRELAND
->,124985,LUKE MING FLANAGAN,REPUBLIC OF IRELAND->IRELAND
->,124988,DEIRDRE CLUNE,REPUBLIC OF IRELAND->IRELAND
->,197654,CIARÁN CUFFE,REPUBLIC OF IRELAND->IRELAND
->,197720,FRANCES FITZGERALD,REPUBLIC OF IRELAND->IRELAND
->,197731,CLARE DALY,REPUBLIC OF IRELAND->IRELAND
->,197817,MICK WALLACE,REPUBLIC OF IRELAND->IRELAND
->,197818,BILLY KELLEHER,REPUBLIC OF IRELAND->IRELAND
->,197863,MARIA WALSH,REPUBLIC OF IRELAND->IRELAND
->,197889,GRACE O'SULLIVAN,REPUBLIC OF IRELAND->IRELAND
->,204332,BARRY ANDREWS,REPUBLIC OF IRELAND->IRELAND
->,205452,CHRIS MACMANUS,REPUBLIC OF IRELAND->IRELAND
->,209896,COLM MARKEY,REPUBLIC OF IRELAND->IRELAND
---,1913,EVELYNE GEBHARDT,GERMANY
---,96911,TANJA FAJON,SLOVENIA
---,197499,CHRYSOULA ZACHAROPOULOU,FRANCE
+++,234344,MAX ORVILLE,FRANCE
