id,name,country,group,national_group
197490,Magdalena ADAMOWICZ,Poland,Group of the European People's Party (Christian Democrats),Independent
189525,Asim ADEMOV,Bulgaria,Group of the European People's Party (Christian Democrats),Citizens for European Development of Bulgaria
124831,Isabella ADINOLFI,Italy,Group of the European People's Party (Christian Democrats),Forza Italia
197826,Matteo ADINOLFI,Italy,Identity and Democracy Group,Lega
197403,Alex AGIUS SALIBA,Malta,Group of the Progressive Alliance of Socialists and Democrats in the European Parliament,Partit Laburista
198096,Mazaly AGUILAR,Spain,European Conservatives and Reformists Group,VOX
125045,Clara AGUILERA,Spain,Group of the Progressive Alliance of Socialists and Democrats in the European Parliament,Partido Socialista Obrero Español
204335,Alviina ALAMETSÄ,Finland,Group of the Greens/European Free Alliance,Vihreä liitto
197836,Alexander ALEXANDROV YORDANOV,Bulgaria,Group of the European People's Party (Christian Democrats),Union of Democratic Forces
96750,François ALFONSI,France,Group of the Greens/European Free Alliance,Régions et Peuples Solidaires
197848,Atidzhe ALIEVA-VELI,Bulgaria,Renew Europe Group,Movement for Rights and Freedoms
197400,Abir AL-SAHLANI,Sweden,Renew Europe Group,Centerpartiet
197746,Álvaro AMARO,Portugal,Group of the European People's Party (Christian Democrats),Partido Social Democrata
197783,Andris AMERIKS,Latvia,Group of the Progressive Alliance of Socialists and Democrats in the European Parliament,Gods kalpot Rīgai
197475,Christine ANDERSON,Germany,Identity and Democracy Group,Alternative für Deutschland
197448,Rasmus ANDRESEN,Germany,Group of the Greens/European Free Alliance,Bündnis 90/Die Grünen
204332,Barry ANDREWS,Ireland,Renew Europe Group,Fianna Fáil Party
113892,Eric ANDRIEU,France,Group of the Progressive Alliance of Socialists and Democrats in the European Parliament,Parti socialiste
197691,Mathilde ANDROUËT,France,Identity and Democracy Group,Rassemblement national
125110,Nikos ANDROULAKIS,Greece,Group of the Progressive Alliance of Socialists and Democrats in the European Parliament,PASOK-KINAL
202073,Marc ANGEL,Luxembourg,Group of the Progressive Alliance of Socialists and Democrats in the European Parliament,Parti ouvrier socialiste luxembourgeois
124973,Gerolf ANNEMANS,Belgium,Identity and Democracy Group,Vlaams Belang
124696,Andrus ANSIP,Estonia,Renew Europe Group,Eesti Reformierakond
197587,Attila ARA-KOVÁCS,Hungary,Group of the Progressive Alliance of Socialists and Democrats in the European Parliament,Demokratikus Koalíció
124936,Maria ARENA,Belgium,Group of the Progressive Alliance of Socialists and Democrats in the European Parliament,Parti Socialiste
96808,Pablo ARIAS ECHEVERRÍA,Spain,Group of the European People's Party (Christian Democrats),Partido Popular
24922,Pascal ARIMONT,Belgium,Group of the European People's Party (Christian Democrats),Christlich Soziale Partei
197492,Bartosz ARŁUKOWICZ,Poland,Group of the European People's Party (Christian Democrats),Platforma Obywatelska
197701,Konstantinos ARVANITIS,Greece,The Left group in the European Parliament - GUE/NGL,Coalition of the Radical Left
197695,Anna-Michelle ASIMAKOPOULOU,Greece,Group of the European People's Party (Christian Democrats),Nea Demokratia
197533,Manon AUBRY,France,The Left group in the European Parliament - GUE/NGL,La France Insoumise
28161,Margrete AUKEN,Denmark,Group of the Greens/European Free Alliance,Socialistisk Folkeparti
124766,Petras AUŠTREVIČIUS,Lithuania,Renew Europe Group,Lietuvos Respublikos liberalų sąjūdis
197651,Carmen AVRAM,Romania,Group of the Progressive Alliance of Socialists and Democrats in the European Parliament,Partidul Social Democrat
197781,Malik AZMANI,Netherlands,Renew Europe Group,Volkspartij voor Vrijheid en Democratie
197789,Simona BALDASSARRE,Italy,Identity and Democracy Group,Lega
197495,Marek Paweł BALT,Poland,Group of the Progressive Alliance of Socialists and Democrats in the European Parliament,Sojusz Lewicy Demokratycznej
131580,Jordan BARDELLA,France,Identity and Democracy Group,Rassemblement national
197433,Katarina BARLEY,Germany,Group of the Progressive Alliance of Socialists and Democrats in the European Parliament,Sozialdemokratische Partei Deutschlands
197684,Pernando BARRENA ARZA,Spain,The Left group in the European Parliament - GUE/NGL,EH BILDU
197808,Pietro BARTOLO,Italy,Group of the Progressive Alliance of Socialists and Democrats in the European Parliament,Partito Democratico
197671,Traian BĂSESCU,Romania,Group of the European People's Party (Christian Democrats),Partidul Mișcarea Populară
197610,Alessandra BASSO,Italy,Identity and Democracy Group,Lega
197779,José Ramón BAUZÁ DÍAZ,Spain,Renew Europe Group,Ciudadanos – Partido de la Ciudadanía
124760,Nicolas BAY,France,Identity and Democracy Group,Rassemblement national
132191,Gunnar BECK,Germany,Identity and Democracy Group,Alternative für Deutschland
197437,Nicola BEER,Germany,Renew Europe Group,Freie Demokratische Partei
124777,Tiziana BEGHIN,Italy,Non-attached Members,Movimento 5 Stelle
197680,Aurélia BEIGNEUX,France,Identity and Democracy Group,Rassemblement national
197496,Marek BELKA,Poland,Group of the Progressive Alliance of Socialists and Democrats in the European Parliament,Sojusz Lewicy Demokratycznej
197534,François-Xavier BELLAMY,France,Group of the European People's Party (Christian Democrats),Les Républicains
197658,Adrian-Dragoş BENEA,Romania,Group of the Progressive Alliance of Socialists and Democrats in the European Parliament,Partidul Social Democrat
124867,Brando BENIFEI,Italy,Group of the Progressive Alliance of Socialists and Democrats in the European Parliament,Partito Democratico
197679,Isabel BENJUMEA BENJUMEA,Spain,Group of the European People's Party (Christian Democrats),Partido Popular
23868,Monika BEŇOVÁ,Slovakia,Group of the Progressive Alliance of Socialists and Democrats in the European Parliament,SMER-Sociálna demokracia
197408,Hildegard BENTELE,Germany,Group of the European People's Party (Christian Democrats),Christlich Demokratische Union Deutschlands
197778,Tom BERENDSEN,Netherlands,Group of the European People's Party (Christian Democrats),Christen Democratisch Appèl
197478,Lars Patrick BERG,Germany,European Conservatives and Reformists Group,Liberal-Conservative Refomists
197410,Stefan BERGER,Germany,Group of the European People's Party (Christian Democrats),Christlich Demokratische Union Deutschlands
197396,Erik BERGKVIST,Sweden,Group of the Progressive Alliance of Socialists and Democrats in the European Parliament,Arbetarepartiet- Socialdemokraterna
4746,Sergio BERLATO,Italy,European Conservatives and Reformists Group,Fratelli d'Italia
4391,Silvio BERLUSCONI,Italy,Group of the European People's Party (Christian Democrats),Forza Italia
197648,Alexander BERNHUBER,Austria,Group of the European People's Party (Christian Democrats),Österreichische Volkspartei
197498,Robert BIEDROŃ,Poland,Group of the Progressive Alliance of Socialists and Democrats in the European Parliament,Wiosna
23788,Adam BIELAN,Poland,European Conservatives and Reformists Group,Partia Republikańska
197551,Stéphane BIJOUX,France,Renew Europe Group,La République en marche
96922,Izaskun BILBAO BARANDICA,Spain,Renew Europe Group,Partido Nacionalista Vasco
197771,Vladimír BILČÍK,Slovakia,Group of the European People's Party (Christian Democrats),SPOLU – občianska demokracia
124771,Dominique BILDE,France,Identity and Democracy Group,Rassemblement national
197435,Gabriele BISCHOFF,Germany,Group of the Progressive Alliance of Socialists and Democrats in the European Parliament,Sozialdemokratische Partei Deutschlands
197512,Benoît BITEAU,France,Group of the Greens/European Free Alliance,Europe Écologie
97198,Mara BIZZOTTO,Italy,Identity and Democracy Group,Lega
124992,Malin BJÖRK,Sweden,The Left group in the European Parliament - GUE/NGL,Vänsterpartiet
197637,Vasile BLAGA,Romania,Group of the European People's Party (Christian Democrats),Partidul Naţional Liberal
197564,Hynek BLAŠKO,Czechia,Identity and Democracy Group,Svoboda a přímá demokracie
96681,Vilija BLINKEVIČIŪTĖ,Lithuania,Group of the Progressive Alliance of Socialists and Democrats in the European Parliament,Lietuvos socialdemokratų partija
197449,Michael BLOSS,Germany,Group of the Greens/European Free Alliance,Bündnis 90/Die Grünen
124712,Andrea BOCSKOR,Hungary,Non-attached Members,Fidesz-Magyar Polgári Szövetség-Kereszténydemokrata Néppárt
197439,Damian BOESELAGER,Germany,Group of the Greens/European Free Alliance,Volt
197636,Ioan-Rareş BOGDAN,Romania,Group of the European People's Party (Christian Democrats),Partidul Naţional Liberal
125004,Franc BOGOVIČ,Slovenia,Group of the European People's Party (Christian Democrats),Slovenska ljudska stranka
197521,Manuel BOMPARD,France,The Left group in the European Parliament - GUE/NGL,La France Insoumise
124814,Simona BONAFÈ,Italy,Group of the Progressive Alliance of Socialists and Democrats in the European Parliament,Partito Democratico
197788,Anna BONFRISCO,Italy,Identity and Democracy Group,Lega
101039,Paolo BORCHIA,Italy,Identity and Democracy Group,Lega
112748,Biljana BORZAN,Croatia,Group of the Progressive Alliance of Socialists and Democrats in the European Parliament,Socijaldemokratska partija Hrvatske
187917,Marc BOTENGA,Belgium,The Left group in the European Parliament - GUE/NGL,Parti du Travail de Belgique
197668,Vlad-Marius BOTOŞ,Romania,Renew Europe Group,Uniunea Salvați România
197467,Geert BOURGEOIS,Belgium,European Conservatives and Reformists Group,Nieuw-Vlaamse Alliantie
197577,Gilles BOYER,France,Renew Europe Group,Indépendant
226260,Karolin BRAUNSBERGER-REINHOLD,Germany,Group of the European People's Party (Christian Democrats),Christlich Demokratische Union Deutschlands
197431,Patrick BREYER,Germany,Group of the Greens/European Free Alliance,Piratenpartei Deutschland
197446,Milan BRGLEZ,Slovenia,Group of the Progressive Alliance of Socialists and Democrats in the European Parliament,Socialni demokrati
197470,Saskia BRICMONT,Belgium,Group of the Greens/European Free Alliance,Ecologistes Confédérés pour l'Organisation de Luttes Originales
197501,Joachim Stanisław BRUDZIŃSKI,Poland,European Conservatives and Reformists Group,Prawo i Sprawiedliwość
182995,Annika BRUNA,France,Identity and Democracy Group,Rassemblement national
197576,Sylvie BRUNET,France,Renew Europe Group,Mouvement Démocrate
128483,Markus BUCHHEIT,Germany,Identity and Democracy Group,Alternative für Deutschland
125012,Daniel BUDA,Romania,Group of the European People's Party (Christian Democrats),Partidul Naţional Liberal
4267,Udo BULLMANN,Germany,Group of the Progressive Alliance of Socialists and Democrats in the European Parliament,Sozialdemokratische Partei Deutschlands
197440,Delara BURKHARDT,Germany,Group of the Progressive Alliance of Socialists and Democrats in the European Parliament,Sozialdemokratische Partei Deutschlands
197434,Martin BUSCHMANN,Germany,Non-attached Members,Independent
38420,Cristian-Silviu BUŞOI,Romania,Group of the European People's Party (Christian Democrats),Partidul Naţional Liberal
96739,Reinhard BÜTIKOFER,Germany,Group of the Greens/European Free Alliance,Bündnis 90/Die Grünen
197829,Jorge BUXADÉ VILLALBA,Spain,European Conservatives and Reformists Group,VOX
28269,Jerzy BUZEK,Poland,Group of the European People's Party (Christian Democrats),Platforma Obywatelska
197617,Carlo CALENDA,Italy,Renew Europe Group,Azione
35016,Marco CAMPOMENOSI,Italy,Identity and Democracy Group,Lega
126644,Jordi CAÑAS,Spain,Renew Europe Group,Ciudadanos – Partido de la Ciudadanía
96711,Pascal CANFIN,France,Renew Europe Group,Liste Renaissance
197574,Damien CARÊME,France,Group of the Greens/European Free Alliance,Europe Écologie
197797,Andrea CAROPPO,Italy,Group of the European People's Party (Christian Democrats),Sud in Testa
199996,Isabel CARVALHAIS,Portugal,Group of the Progressive Alliance of Socialists and Democrats in the European Parliament,Partido Socialista
96867,Maria da Graça CARVALHO,Portugal,Group of the European People's Party (Christian Democrats),Partido Social Democrata
28122,David CASA,Malta,Group of the European People's Party (Christian Democrats),Partit Nazzjonalista
197796,Massimo CASANOVA,Italy,Identity and Democracy Group,Lega
28219,Daniel CASPARY,Germany,Group of the European People's Party (Christian Democrats),Christlich Demokratische Union Deutschlands
124812,Fabio Massimo CASTALDO,Italy,Non-attached Members,Movimento 5 Stelle
28390,Pilar del CASTILLO VERA,Spain,Group of the European People's Party (Christian Democrats),Partido Popular
86793,Anna CAVAZZINI,Germany,Group of the Greens/European Free Alliance,Bündnis 90/Die Grünen
197786,Susanna CECCARDI,Italy,Identity and Democracy Group,Lega
197641,Sara CERDAS,Portugal,Group of the Progressive Alliance of Socialists and Democrats in the European Parliament,Partido Socialista
197505,Catherine CHABAUD,France,Renew Europe Group,Mouvement Démocrate
197782,Mohammed CHAHIM,Netherlands,Group of the Progressive Alliance of Socialists and Democrats in the European Parliament,Partij van de Arbeid
197529,Leila CHAIBI,France,The Left group in the European Parliament - GUE/NGL,La France Insoumise
124708,Dita CHARANZOVÁ,Czechia,Renew Europe Group,ANO 2011
197463,Olivier CHASTEL,Belgium,Renew Europe Group,Mouvement Réformateur
124861,Caterina CHINNICI,Italy,Group of the Progressive Alliance of Socialists and Democrats in the European Parliament,Partito Democratico
197558,Asger CHRISTENSEN,Denmark,Renew Europe Group,"Venstre, Danmarks Liberale Parti"
26837,Lefteris CHRISTOFOROU,Cyprus,Group of the European People's Party (Christian Democrats),Democratic Rally
204416,Ilana CICUREL,France,Renew Europe Group,Liste Renaissance
197507,Włodzimierz CIMOSZEWICZ,Poland,Group of the Progressive Alliance of Socialists and Democrats in the European Parliament,Sojusz Lewicy Demokratycznej - Unia Pracy
183793,Angelo CIOCCA,Italy,Identity and Democracy Group,Lega
197631,Dacian CIOLOŞ,Romania,Renew Europe Group,"Partidul Libertate, Unitate și Solidaritate"
197657,Tudor CIUHODARU,Romania,Group of the Progressive Alliance of Socialists and Democrats in the European Parliament,Partidul Social Democrat
197761,Miroslav ČÍŽ,Slovakia,Group of the Progressive Alliance of Socialists and Democrats in the European Parliament,SMER-Sociálna demokracia
124988,Deirdre CLUNE,Ireland,Group of the European People's Party (Christian Democrats),Fine Gael Party
197536,Nathalie COLIN-OESTERLÉ,France,Group of the European People's Party (Christian Democrats),Les centristes
197683,Gilbert COLLARD,France,Identity and Democracy Group,Rassemblement national
202352,Antoni COMÍN I OLIVERES,Spain,Non-attached Members,Junts per Catalunya - Lliures per Europa
197616,Rosanna CONTE,Italy,Identity and Democracy Group,Lega
197503,David CORMAND,France,Group of the Greens/European Free Alliance,Europe Écologie
124856,Ignazio CORRAO,Italy,Group of the Greens/European Free Alliance,Independent
96880,Andrea COZZOLINO,Italy,Group of the Progressive Alliance of Socialists and Democrats in the European Parliament,Partito Democratico
33997,Corina CREȚU,Romania,Group of the Progressive Alliance of Socialists and Democrats in the European Parliament,PRO Romania
197588,Katalin CSEH,Hungary,Renew Europe Group,Momentum
197654,Ciarán CUFFE,Ireland,Group of the Greens/European Free Alliance,Green Party
197394,Josianne CUTAJAR,Malta,Group of the Progressive Alliance of Socialists and Democrats in the European Parliament,Partit Laburista
28372,Ryszard CZARNECKI,Poland,European Conservatives and Reformists Group,Prawo i Sprawiedliwość
96809,Peter van DALEN,Netherlands,Group of the European People's Party (Christian Democrats),ChristenUnie
183338,Jakop G. DALUNDE,Sweden,Group of the Greens/European Free Alliance,Miljöpartiet de gröna
197731,Clare DALY,Ireland,The Left group in the European Parliament - GUE/NGL,Independents for change
124835,Rosa D'AMATO,Italy,Group of the Greens/European Free Alliance,Independent
38542,Johan DANIELSSON,Sweden,Group of the Progressive Alliance of Socialists and Democrats in the European Parliament,Arbetarepartiet- Socialdemokraterna
96747,Arnaud DANJEAN,France,Group of the European People's Party (Christian Democrats),Les Républicains
124821,Nicola DANTI,Italy,Renew Europe Group,Italia Viva
197608,Gianantonio DA RE,Italy,Identity and Democracy Group,Lega
197556,Ivan DAVID,Czechia,Identity and Democracy Group,Svoboda a přímá demokracie
204414,Margarita DE LA PISA CARRIÓN,Spain,European Conservatives and Reformists Group,VOX
204333,Salvatore DE MEO,Italy,Group of the European People's Party (Christian Democrats),Forza Italia
96891,Paolo DE CASTRO,Italy,Group of the Progressive Alliance of Socialists and Democrats in the European Parliament,Partito Democratico
197504,Jérémy DECERLE,France,Renew Europe Group,Liste Renaissance
197531,Gwendoline DELBOS-CORFIELD,France,Group of the Greens/European Free Alliance,Europe Écologie
124714,Andor DELI,Hungary,Non-attached Members,Fidesz-Magyar Polgári Szövetség-Kereszténydemokrata Néppárt
96868,Karima DELLI,France,Group of the Greens/European Free Alliance,Europe Écologie
197472,Filip DE MAN,Belgium,Identity and Democracy Group,Vlaams Belang
197468,Özlem DEMIREL,Germany,The Left group in the European Parliament - GUE/NGL,DIE LINKE.
197453,Anna DEPARNAY-GRUNENBERG,Germany,Group of the Greens/European Free Alliance,Bündnis 90/Die Grünen
96826,Tamás DEUTSCH,Hungary,Non-attached Members,Fidesz-Magyar Polgári Szövetség-Kereszténydemokrata Néppárt
190774,Geoffroy DIDIER,France,Group of the European People's Party (Christian Democrats),Les Républicains
124709,Martina DLABAJOVÁ,Czechia,Renew Europe Group,ANO 2011
197579,Klára DOBREV,Hungary,Group of the Progressive Alliance of Socialists and Democrats in the European Parliament,Demokratikus Koalíció
197473,Christian DOLESCHAL,Germany,Group of the European People's Party (Christian Democrats),Christlich-Soziale Union in Bayern e.V.
197595,Anna Júlia DONÁTH,Hungary,Renew Europe Group,Momentum
197822,Francesca DONATO,Italy,Non-attached Members,Independent
96787,Herbert DORFMANN,Italy,Group of the European People's Party (Christian Democrats),Südtiroler Volkspartei
197614,Marco DREOSTO,Italy,Identity and Democracy Group,Lega
197510,Jarosław DUDA,Poland,Group of the European People's Party (Christian Democrats),Platforma Obywatelska
99945,Lena DÜPONT,Germany,Group of the European People's Party (Christian Democrats),Christlich Demokratische Union Deutschlands
198329,Estrella DURÁ FERRANDIS,Spain,Group of the Progressive Alliance of Socialists and Democrats in the European Parliament,Partido Socialista Obrero Español
124693,Pascal DURAND,France,Renew Europe Group,Liste Renaissance
197766,Lucia ĎURIŠ NICHOLSONOVÁ,Slovakia,Renew Europe Group,Independent
124873,Angel DZHAMBAZKI,Bulgaria,European Conservatives and Reformists Group,VMRO
28226,Christian EHLER,Germany,Group of the European People's Party (Christian Democrats),Christlich Demokratische Union Deutschlands
96725,Bas EICKHOUT,Netherlands,Group of the Greens/European Free Alliance,GroenLinks
209091,Cyrus ENGERER,Malta,Group of the Progressive Alliance of Socialists and Democrats in the European Parliament,Partit Laburista
96852,Cornelia ERNST,Germany,The Left group in the European Parliament - GUE/NGL,DIE LINKE.
197430,Engin EROGLU,Germany,Renew Europe Group,Freie Wähler
96842,Ismail ERTUG,Germany,Group of the Progressive Alliance of Socialists and Democrats in the European Parliament,Sozialdemokratische Partei Deutschlands
96811,Rosa ESTARÀS FERRAGUT,Spain,Group of the European People's Party (Christian Democrats),Partido Popular
124779,Eleonora EVI,Italy,Group of the Greens/European Free Alliance,Europa Verde
197535,Agnès EVREN,France,Group of the European People's Party (Christian Democrats),Les Républicains
96911,Tanja FAJON,Slovenia,Group of the Progressive Alliance of Socialists and Democrats in the European Parliament,Socialni demokrati
197649,Gheorghe FALCĂ,Romania,Group of the European People's Party (Christian Democrats),Partidul Naţional Liberal
197589,Laurence FARRENG,France,Renew Europe Group,Mouvement Démocrate
1917,Markus FERBER,Germany,Group of the European People's Party (Christian Democrats),Christlich-Soziale Union in Bayern e.V.
96899,José Manuel FERNANDES,Portugal,Group of the European People's Party (Christian Democrats),Partido Social Democrata
125046,Jonás FERNÁNDEZ,Spain,Group of the Progressive Alliance of Socialists and Democrats in the European Parliament,Partido Socialista Obrero Español
192634,Giuseppe FERRANDINO,Italy,Group of the Progressive Alliance of Socialists and Democrats in the European Parliament,Partito Democratico
124833,Laura FERRARA,Italy,Non-attached Members,Movimento 5 Stelle
197480,Nicolaus FEST,Germany,Identity and Democracy Group,Alternative für Deutschland
96810,Carlo FIDANZA,Italy,European Conservatives and Reformists Group,Fratelli d'Italia
197607,Pietro FIOCCHI,Italy,European Conservatives and Reformists Group,Fratelli d'Italia
4465,Raffaele FITTO,Italy,European Conservatives and Reformists Group,Fratelli d'Italia
197720,Frances FITZGERALD,Ireland,Group of the European People's Party (Christian Democrats),Fine Gael Party
124985,Luke Ming FLANAGAN,Ireland,The Left group in the European Parliament - GUE/NGL,Independent
197419,Valter FLEGO,Croatia,Renew Europe Group,Istarski demokratski sabor - Dieta democratica istriana
28353,Anna FOTYGA,Poland,European Conservatives and Reformists Group,Prawo i Sprawiedliwość
197414,Loucas FOURLAS,Cyprus,Group of the European People's Party (Christian Democrats),Democratic Rally
198490,Emmanouil FRAGKOS,Greece,European Conservatives and Reformists Group,Elliniki Lusi-Greek Solution
197513,Tomasz FRANKOWSKI,Poland,Group of the European People's Party (Christian Democrats),Platforma Obywatelska
197455,Cindy FRANSSEN,Belgium,Group of the European People's Party (Christian Democrats),Christen-Democratisch & Vlaams
193273,Romeo FRANZ,Germany,Group of the Greens/European Free Alliance,Bündnis 90/Die Grünen
106936,Daniel FREUND,Germany,Group of the Greens/European Free Alliance,Bündnis 90/Die Grünen
197391,Heléne FRITZON,Sweden,Group of the Progressive Alliance of Socialists and Democrats in the European Parliament,Arbetarepartiet- Socialdemokraterna
101585,Niels FUGLSANG,Denmark,Group of the Progressive Alliance of Socialists and Democrats in the European Parliament,Socialdemokratiet
197795,Mario FURORE,Italy,Non-attached Members,Movimento 5 Stelle
197555,Søren GADE,Denmark,Renew Europe Group,"Venstre, Danmarks Liberale Parti"
2341,Michael GAHLER,Germany,Group of the European People's Party (Christian Democrats),Christlich Demokratische Union Deutschlands
28150,Kinga GÁL,Hungary,Non-attached Members,Fidesz-Magyar Polgári Szövetség-Kereszténydemokrata Néppárt
197702,Lina GÁLVEZ MUÑOZ,Spain,Group of the Progressive Alliance of Socialists and Democrats in the European Parliament,Partido Socialista Obrero Español
197632,Claudia GAMON,Austria,Renew Europe Group,NEOS – Das Neue Österreich
197582,Gianna GANCIA,Italy,Identity and Democracy Group,Lega
197717,Ibán GARCÍA DEL BLANCO,Spain,Group of the Progressive Alliance of Socialists and Democrats in the European Parliament,Partido Socialista Obrero Español
1992,José Manuel GARCÍA-MARGALLO Y MARFIL,Spain,Group of the European People's Party (Christian Democrats),Partido Popular
197742,Isabel GARCÍA MUÑOZ,Spain,Group of the Progressive Alliance of Socialists and Democrats in the European Parliament,Partido Socialista Obrero Español
28298,Iratxe GARCÍA PÉREZ,Spain,Group of the Progressive Alliance of Socialists and Democrats in the European Parliament,Partido Socialista Obrero Español
96991,Eider GARDIAZABAL RUBIAL,Spain,Group of the Progressive Alliance of Socialists and Democrats in the European Parliament,Partido Socialista Obrero Español
197554,Luis GARICANO,Spain,Renew Europe Group,Ciudadanos – Partido de la Ciudadanía
197628,Jean-Paul GARRAUD,France,Identity and Democracy Group,Rassemblement national
1913,Evelyne GEBHARDT,Germany,Group of the Progressive Alliance of Socialists and Democrats in the European Parliament,Sozialdemokratische Partei Deutschlands
183916,Alexandra GEESE,Germany,Group of the Greens/European Free Alliance,Bündnis 90/Die Grünen
96833,Jens GEIER,Germany,Group of the Progressive Alliance of Socialists and Democrats in the European Parliament,Sozialdemokratische Partei Deutschlands
197794,Chiara GEMMA,Italy,Non-attached Members,Movimento 5 Stelle
197416,Giorgos GEORGIOU,Cyprus,The Left group in the European Parliament - GUE/NGL,Progressive Party of Working People - Left - New Forces
197819,Alexis GEORGOULIS,Greece,The Left group in the European Parliament - GUE/NGL,Coalition of the Radical Left
197436,Helmut GEUKING,Germany,Group of the European People's Party (Christian Democrats),Familien-Partei Deutschlands
209140,Vlad GHEORGHE,Romania,Renew Europe Group,Uniunea Salvați România
197804,Dino GIARRUSSO,Italy,Non-attached Members,Movimento 5 Stelle
96730,Sven GIEGOLD,Germany,Group of the Greens/European Free Alliance,Bündnis 90/Die Grünen
124807,Jens GIESEKE,Germany,Group of the European People's Party (Christian Democrats),Christlich Demokratische Union Deutschlands
202036,Sunčana GLAVAK,Croatia,Group of the European People's Party (Christian Democrats),Hrvatska demokratska zajednica
197443,Andreas GLÜCK,Germany,Renew Europe Group,Freie Demokratische Partei
197694,Raphaël GLUCKSMANN,France,Group of the Progressive Alliance of Socialists and Democrats in the European Parliament,Place publique
840,Charles GOERENS,Luxembourg,Renew Europe Group,Parti démocratique
197728,Mónica Silvana GONZÁLEZ,Spain,Group of the Progressive Alliance of Socialists and Democrats in the European Parliament,Partido Socialista Obrero Español
197718,Nicolás GONZÁLEZ CASARES,Spain,Group of the Progressive Alliance of Socialists and Democrats in the European Parliament,Partido Socialista Obrero Español
125027,Esteban GONZÁLEZ PONS,Spain,Group of the European People's Party (Christian Democrats),Partido Popular
204419,Sandro GOZI,France,Renew Europe Group,Liste Renaissance
125025,Marcel de GRAAFF,Netherlands,Identity and Democracy Group,Partij voor de Vrijheid
197799,Valentino GRANT,Italy,Identity and Democracy Group,Lega
124785,Maria GRAPINI,Romania,Group of the Progressive Alliance of Socialists and Democrats in the European Parliament,Partidul Puterii Umaniste
197549,Markéta GREGOROVÁ,Czechia,Group of the Greens/European Free Alliance,PIRÁTI
94649,Catherine GRISET,France,Identity and Democracy Group,Rassemblement national
197780,Bart GROOTHUIS,Netherlands,Renew Europe Group,Volkspartij voor Vrijheid en Democratie
197452,Klemen GROŠELJ,Slovenia,Renew Europe Group,Lista Marjana Šarca
197557,Christophe GRUDLER,France,Renew Europe Group,Mouvement Démocrate
204420,Claude GRUFFAT,France,Group of the Greens/European Free Alliance,Europe Écologie
197618,Elisabetta GUALMINI,Italy,Group of the Progressive Alliance of Socialists and Democrats in the European Parliament,Partito Democratico
197645,Francisco GUERREIRO,Portugal,Group of the Greens/European Free Alliance,Independente
197543,Bernard GUETTA,France,Renew Europe Group,Liste Renaissance
96952,Sylvie GUILLAUME,France,Group of the Progressive Alliance of Socialists and Democrats in the European Parliament,Parti socialiste
88715,José GUSMÃO,Portugal,The Left group in the European Parliament - GUE/NGL,Bloco de Esquerda
124991,Jytte GUTELAND,Sweden,Group of the Progressive Alliance of Socialists and Democrats in the European Parliament,Arbetarepartiet- Socialdemokraterna
198063,Márton GYÖNGYÖSI,Hungary,Non-attached Members,Jobbik Magyarországért Mozgalom
96830,Enikő GYŐRI,Hungary,Non-attached Members,Fidesz-Magyar Polgári Szövetség-Kereszténydemokrata Néppárt
23816,András GYÜRK,Hungary,Non-attached Members,Fidesz-Magyar Polgári Szövetség-Kereszténydemokrata Néppárt
197444,Svenja HAHN,Germany,Renew Europe Group,Freie Demokratische Partei
197457,Henrike HAHN,Germany,Group of the Greens/European Free Alliance,Bündnis 90/Die Grünen
198176,Roman HAIDER,Austria,Identity and Democracy Group,Freiheitliche Partei Österreichs
34578,Robert HAJŠEL,Slovakia,Group of the Progressive Alliance of Socialists and Democrats in the European Parliament,Independent
197596,Teuvo HAKKARAINEN,Finland,Identity and Democracy Group,Perussuomalaiset
197514,Andrzej HALICKI,Poland,Group of the European People's Party (Christian Democrats),Platforma Obywatelska
193419,Christophe HANSEN,Luxembourg,Group of the European People's Party (Christian Democrats),Parti chrétien social luxembourgeois
96752,Martin HÄUSLING,Germany,Group of the Greens/European Free Alliance,Bündnis 90/Die Grünen
2054,Heidi HAUTALA,Finland,Group of the Greens/European Free Alliance,Vihreä liitto
197646,Mircea-Gheorghe HAVA,Romania,Group of the European People's Party (Christian Democrats),Partidul Naţional Liberal
135511,Valérie HAYER,France,Renew Europe Group,La République en marche
125023,Anja HAZEKAMP,Netherlands,The Left group in the European Parliament - GUE/NGL,Partij voor de Dieren
197682,Hannes HEIDE,Austria,Group of the Progressive Alliance of Socialists and Democrats in the European Parliament,Sozialdemokratische Partei Österreichs
197800,Eero HEINÄLUOMA,Finland,Group of the Progressive Alliance of Socialists and Democrats in the European Parliament,Suomen Sosialidemokraattinen Puolue/Finlands Socialdemokratiska Parti
197412,Niclas HERBST,Germany,Group of the European People's Party (Christian Democrats),Christlich Demokratische Union Deutschlands
197459,Pierrette HERZBERGER-FOFANA,Germany,Group of the Greens/European Free Alliance,Bündnis 90/Die Grünen
124895,Krzysztof HETMAN,Poland,Group of the European People's Party (Christian Democrats),Polskie Stronnictwo Ludowe
124586,Balázs HIDVÉGHI,Hungary,Non-attached Members,Fidesz-Magyar Polgári Szövetség-Kereszténydemokrata Néppárt
197526,Martin HLAVÁČEK,Czechia,Renew Europe Group,ANO 2011
96780,Monika HOHLMEIER,Germany,Group of the European People's Party (Christian Democrats),Christlich-Soziale Union in Bayern e.V.
197770,Martin HOJSÍK,Slovakia,Renew Europe Group,Progresívne Slovensko
197398,Pär HOLMGREN,Sweden,Group of the Greens/European Free Alliance,Miljöpartiet de gröna
124715,György HÖLVÉNYI,Hungary,Group of the European People's Party (Christian Democrats),Kereszténydemokrata Néppárt
122978,Alicia HOMS GINEL,Spain,Group of the Progressive Alliance of Socialists and Democrats in the European Parliament,Partido Socialista Obrero Español
218349,Michiel HOOGEVEEN,Netherlands,European Conservatives and Reformists Group,JA21
5565,Brice HORTEFEUX,France,Group of the European People's Party (Christian Democrats),Les Républicains
197846,Ivo HRISTOV,Bulgaria,Group of the Progressive Alliance of Socialists and Democrats in the European Parliament,Bulgarian Socialist Party
96779,Danuta Maria HÜBNER,Poland,Group of the European People's Party (Christian Democrats),Platforma Obywatelska
197594,Laura HUHTASAARI,Finland,Identity and Democracy Group,Perussuomalaiset
58789,Jan HUITEMA,Netherlands,Renew Europe Group,Volkspartij voor Vrijheid en Democratie
197624,Ivars IJABS,Latvia,Renew Europe Group,Attīstībai/Par!
221463,Ladislav ILČIĆ,Croatia,European Conservatives and Reformists Group,Hrast – Pokret za uspješnu Hrvatsku
197392,Evin INCIR,Sweden,Group of the Progressive Alliance of Socialists and Democrats in the European Parliament,Arbetarepartiet- Socialdemokraterna
28266,Sophia IN 'T VELD,Netherlands,Renew Europe Group,Democraten 66
96740,Yannick JADOT,France,Group of the Greens/European Free Alliance,Europe Écologie
96772,Peter JAHR,Germany,Group of the European People's Party (Christian Democrats),Christlich Demokratische Union Deutschlands
197837,Stasys JAKELIŪNAS,Lithuania,Group of the Greens/European Free Alliance,Independent
197516,Patryk JAKI,Poland,European Conservatives and Reformists Group,Solidarna Polska Zbigniewa Ziobro
124770,Jean-François JALKH,France,Identity and Democracy Group,Rassemblement national
189065,France JAMET,France,Identity and Democracy Group,Rassemblement national
28141,Lívia JÁRÓKA,Hungary,Non-attached Members,Fidesz-Magyar Polgári Szövetség-Kereszténydemokrata Néppárt
197517,Adam JARUBAS,Poland,Group of the European People's Party (Christian Democrats),Polskie Stronnictwo Ludowe
112747,Romana JERKOVIĆ,Croatia,Group of the Progressive Alliance of Socialists and Democrats in the European Parliament,Socijaldemokratska partija Hrvatske
125021,Agnes JONGERIUS,Netherlands,Group of the Progressive Alliance of Socialists and Democrats in the European Parliament,Partij van de Arbeid
197627,Virginie JORON,France,Identity and Democracy Group,Rassemblement national
197447,Irena JOVEVA,Slovenia,Renew Europe Group,Lista Marjana Šarca
197840,Rasa JUKNEVIČIENĖ,Lithuania,Group of the European People's Party (Christian Democrats),Tėvynės sąjunga-Lietuvos krikščionys demokratai
197518,Krzysztof JURGIEL,Poland,European Conservatives and Reformists Group,Prawo i Sprawiedliwość
197767,Eugen JURZYCA,Slovakia,European Conservatives and Reformists Group,Sloboda a Solidarita
197626,Herve JUVIN,France,Identity and Democracy Group,Rassemblement national
125109,Eva KAILI,Greece,Group of the Progressive Alliance of Socialists and Democrats in the European Parliament,Panhellenic Socialist Movement - Olive Tree
96771,Jarosław KALINOWSKI,Poland,Group of the European People's Party (Christian Democrats),Polskie Stronnictwo Ludowe
197491,Marina KALJURAND,Estonia,Group of the Progressive Alliance of Socialists and Democrats in the European Parliament,Sotsiaaldemokraatlik Erakond
96934,Sandra KALNIETE,Latvia,Group of the European People's Party (Christian Democrats),"Partija ""VIENOTĪBA"""
96837,Petra KAMMEREVERT,Germany,Group of the Progressive Alliance of Socialists and Democrats in the European Parliament,Sozialdemokratische Partei Deutschlands
197839,Radan KANEV,Bulgaria,Group of the European People's Party (Christian Democrats),Democrats for Strong Bulgaria
197469,Assita KANKO,Belgium,European Conservatives and Reformists Group,Nieuw-Vlaamse Alliantie
4246,Othmar KARAS,Austria,Group of the European People's Party (Christian Democrats),Österreichische Volkspartei
197585,Pierre KARLESKIND,France,Renew Europe Group,La République en marche
197401,Karin KARLSBRO,Sweden,Renew Europe Group,Liberalerna
124887,Karol KARSKI,Poland,European Conservatives and Reformists Group,Prawo i Sprawiedliwość
191693,Elsi KATAINEN,Finland,Renew Europe Group,Suomen Keskusta
125068,Manolis KEFALOGIANNIS,Greece,Group of the European People's Party (Christian Democrats),Nea Demokratia
197818,Billy KELLEHER,Ireland,Renew Europe Group,Fianna Fáil Party
22858,Fabienne KELLER,France,Renew Europe Group,Agir - La Droite constructive
96734,Ska KELLER,Germany,Group of the Greens/European Free Alliance,Bündnis 90/Die Grünen
96668,Seán KELLY,Ireland,Group of the European People's Party (Christian Democrats),Fine Gael Party
197519,Beata KEMPA,Poland,European Conservatives and Reformists Group,Solidarna Polska Zbigniewa Ziobro
197415,Niyazi KIZILYÜREK,Cyprus,The Left group in the European Parliament - GUE/NGL,Progressive Party of Working People - Left - New Forces
197520,Izabela-Helena KLOC,Poland,European Conservatives and Reformists Group,Prawo i Sprawiedliwość
197528,Ondřej KNOTEK,Czechia,Renew Europe Group,ANO 2011
197570,Peter KOFOD,Denmark,Identity and Democracy Group,Dansk Folkeparti
197523,Łukasz KOHUT,Poland,Group of the Progressive Alliance of Socialists and Democrats in the European Parliament,Wiosna
197406,Arba KOKALARI,Sweden,Group of the European People's Party (Christian Democrats),Moderaterna
197743,Petros KOKKALIS,Greece,The Left group in the European Parliament - GUE/NGL,Coalition of the Radical Left
197546,Marcel KOLAJA,Czechia,Group of the Greens/European Free Alliance,PIRÁTI
197438,Mislav KOLAKUŠIĆ,Croatia,Non-attached Members,-
23699,Kateřina KONEČNÁ,Czechia,The Left group in the European Parliament - GUE/NGL,Komunistická strana Čech a Moravy
197740,Athanasios KONSTANTINOU,Greece,Non-attached Members,Independent
197525,Ewa KOPACZ,Poland,Group of the European People's Party (Christian Democrats),Platforma Obywatelska
197530,Joanna KOPCIŃSKA,Poland,European Conservatives and Reformists Group,Prawo i Sprawiedliwość
197445,Moritz KÖRNER,Germany,Renew Europe Group,Freie Demokratische Partei
96829,Ádám KÓSA,Hungary,Non-attached Members,Fidesz-Magyar Polgári Szövetség-Kereszténydemokrata Néppárt
124822,Dietmar KÖSTER,Germany,Group of the Progressive Alliance of Socialists and Democrats in the European Parliament,Sozialdemokratische Partei Deutschlands
130833,Stelios KOULOGLOU,Greece,The Left group in the European Parliament - GUE/NGL,Coalition of the Radical Left
197699,Elena KOUNTOURA,Greece,The Left group in the European Parliament - GUE/NGL,Coalition of the Radical Left
118949,Ondřej KOVAŘÍK,Czechia,Renew Europe Group,ANO 2011
97968,Andrey KOVATCHEV,Bulgaria,Group of the European People's Party (Christian Democrats),Citizens for European Development of Bulgaria
197481,Maximilian KRAH,Germany,Identity and Democracy Group,Alternative für Deutschland
124891,Zdzisław KRASNODĘBSKI,Poland,European Conservatives and Reformists Group,Prawo i Sprawiedliwość
1854,Constanze KREHL,Germany,Group of the Progressive Alliance of Socialists and Democrats in the European Parliament,Sozialdemokratische Partei Deutschlands
197532,Elżbieta KRUK,Poland,European Conservatives and Reformists Group,Prawo i Sprawiedliwość
197843,Andrius KUBILIUS,Lithuania,Group of the European People's Party (Christian Democrats),Tėvynės sąjunga-Lietuvos krikščionys demokratai
197395,Alice KUHNKE,Sweden,Group of the Greens/European Free Alliance,Miljöpartiet de gröna
197482,Joachim KUHS,Germany,Identity and Democracy Group,Alternative für Deutschland
124735,Miapetra KUMPULA-NATRI,Finland,Group of the Progressive Alliance of Socialists and Democrats in the European Parliament,Suomen Sosialidemokraattinen Puolue/Finlands Socialdemokratiska Parti
28389,Zbigniew KUŹMIUK,Poland,European Conservatives and Reformists Group,Prawo i Sprawiedliwość
197692,Stelios KYMPOUROPOULOS,Greece,Group of the European People's Party (Christian Democrats),Nea Demokratia
125063,Georgios KYRTSOS,Greece,Group of the European People's Party (Christian Democrats),Nea Demokratia
124866,Ilhan KYUCHYUK,Bulgaria,Renew Europe Group,Movement for Rights and Freedoms
204421,Jean-Lin LACAPELLE,France,Identity and Democracy Group,Rassemblement national
197460,Sergey LAGODINSKY,Germany,Group of the Greens/European Free Alliance,Bündnis 90/Die Grünen
197737,Ioannis LAGOS,Greece,Non-attached Members,Independent
197697,Aurore LALUCQ,France,Group of the Progressive Alliance of Socialists and Democrats in the European Parliament,Place publique
96648,Philippe LAMBERTS,Belgium,Group of the Greens/European Free Alliance,Ecologistes Confédérés pour l'Organisation de Luttes Originales
192635,Danilo Oscar LANCINI,Italy,Identity and Democracy Group,Lega
1909,Bernd LANGE,Germany,Group of the Progressive Alliance of Socialists and Democrats in the European Parliament,Sozialdemokratische Partei Deutschlands
38398,Esther de LANGE,Netherlands,Group of the European People's Party (Christian Democrats),Christen Democratisch Appèl
197461,Katrin LANGENSIEPEN,Germany,Group of the Greens/European Free Alliance,Bündnis 90/Die Grünen
197597,Hélène LAPORTE,France,Identity and Democracy Group,Rassemblement national
197698,Pierre LARROUTUROU,France,Group of the Progressive Alliance of Socialists and Democrats in the European Parliament,Nouvelle Donne
124738,Gilles LEBRETON,France,Identity and Democracy Group,Rassemblement national
197686,Julie LECHANTEUX,France,Identity and Democracy Group,Rassemblement national
197393,David LEGA,Sweden,Group of the European People's Party (Christian Democrats),Kristdemokraterna
96796,Ryszard Antoni LEGUTKO,Poland,European Conservatives and Reformists Group,Prawo i Sprawiedliwość
197635,Maria-Manuel LEITÃO-MARQUES,Portugal,Group of the Progressive Alliance of Socialists and Democrats in the European Parliament,Partido Socialista
95074,Jeroen LENAERS,Netherlands,Group of the European People's Party (Christian Democrats),Christen Democratisch Appèl
23781,Janusz LEWANDOWSKI,Poland,Group of the European People's Party (Christian Democrats),Platforma Obywatelska
204336,Miriam LEXMANN,Slovakia,Group of the European People's Party (Christian Democrats),Kresťanskodemokratické hnutie
23768,Bogusław LIBERADZKI,Poland,Group of the Progressive Alliance of Socialists and Democrats in the European Parliament,Sojusz Lewicy Demokratycznej
1927,Peter LIESE,Germany,Group of the European People's Party (Christian Democrats),Christlich Demokratische Union Deutschlands
197483,Sylvia LIMMER,Germany,Identity and Democracy Group,Alternative für Deutschland
124808,Norbert LINS,Germany,Group of the European People's Party (Christian Democrats),Christlich Demokratische Union Deutschlands
197611,Elena LIZZI,Italy,Identity and Democracy Group,Lega
197494,Nathalie LOISEAU,France,Renew Europe Group,Liste Renaissance
96709,Morten LØKKEGAARD,Denmark,Renew Europe Group,"Venstre, Danmarks Liberale Parti"
125042,Javi LÓPEZ,Spain,Group of the Progressive Alliance of Socialists and Democrats in the European Parliament,Partit dels Socialistes de Catalunya
96812,Juan Fernando LÓPEZ AGUILAR,Spain,Group of the Progressive Alliance of Socialists and Democrats in the European Parliament,Partido Socialista Obrero Español
197777,Leopoldo LÓPEZ GIL,Spain,Group of the European People's Party (Christian Democrats),Partido Popular
28399,Antonio LÓPEZ-ISTÚRIZ WHITE,Spain,Group of the European People's Party (Christian Democrats),Partido Popular
197721,César LUENA,Spain,Group of the Progressive Alliance of Socialists and Democrats in the European Parliament,Partido Socialista Obrero Español
96791,Elżbieta Katarzyna ŁUKACIJEWSKA,Poland,Group of the European People's Party (Christian Democrats),Platforma Obywatelska
124996,Peter LUNDGREN,Sweden,European Conservatives and Reformists Group,Sverigedemokraterna
197458,Benoît LUTGEN,Belgium,Group of the European People's Party (Christian Democrats),Centre Démocrate Humaniste
124806,David McALLISTER,Germany,Group of the European People's Party (Christian Democrats),Christlich Demokratische Union Deutschlands
205452,Chris MACMANUS,Ireland,The Left group in the European Parliament - GUE/NGL,Sinn Féin
197493,Jaak MADISON,Estonia,Identity and Democracy Group,Eesti Konservatiivne Rahvaerakond
197719,Cristina MAESTRE MARTÍN DE ALMAGRO,Spain,Group of the Progressive Alliance of Socialists and Democrats in the European Parliament,Partido Socialista Obrero Español
197592,Pierfrancesco MAJORINO,Italy,Group of the Progressive Alliance of Socialists and Democrats in the European Parliament,Partito Democratico
197835,Aušra MALDEIKIENĖ,Lithuania,Group of the European People's Party (Christian Democrats),Independent
197735,Adriana MALDONADO LÓPEZ,Spain,Group of the Progressive Alliance of Socialists and Democrats in the European Parliament,Partido Socialista Obrero Español
197653,Claudiu MANDA,Romania,Group of the Progressive Alliance of Socialists and Democrats in the European Parliament,Partidul Social Democrat
4560,Antonius MANDERS,Netherlands,Group of the European People's Party (Christian Democrats),Christen Democratisch Appèl
190713,Lukas MANDL,Austria,Group of the European People's Party (Christian Democrats),Österreichische Volkspartei
197623,Thierry MARIANI,France,Identity and Democracy Group,Rassemblement national
33982,Marian-Jean MARINESCU,Romania,Group of the European People's Party (Christian Democrats),Partidul Naţional Liberal
209896,Colm MARKEY,Ireland,Group of the European People's Party (Christian Democrats),Fine Gael Party
197462,Erik MARQUARDT,Germany,Group of the Greens/European Free Alliance,Bündnis 90/Die Grünen
197638,Margarida MARQUES,Portugal,Group of the Progressive Alliance of Socialists and Democrats in the European Parliament,Partido Socialista
197634,Pedro MARQUES,Portugal,Group of the Progressive Alliance of Socialists and Democrats in the European Parliament,Partido Socialista
124828,Fulvio MARTUSCIELLO,Italy,Group of the European People's Party (Christian Democrats),Forza Italia
96820,Marisa MATIAS,Portugal,The Left group in the European Parliament - GUE/NGL,Bloco de Esquerda
197441,Predrag Fred MATIĆ,Croatia,Group of the Progressive Alliance of Socialists and Democrats in the European Parliament,Socijaldemokratska partija Hrvatske
96936,Gabriel MATO,Spain,Group of the European People's Party (Christian Democrats),Partido Popular
208722,Sara MATTHIEU,Belgium,Group of the Greens/European Free Alliance,Groen
24505,Emmanuel MAUREL,France,The Left group in the European Parliament - GUE/NGL,Gauche républicaine et socialiste
124691,Costas MAVRIDES,Cyprus,Group of the Progressive Alliance of Socialists and Democrats in the European Parliament,Democratic Party
197522,Radka MAXOVÁ,Czechia,Group of the Progressive Alliance of Socialists and Democrats in the European Parliament,Independent
98341,Eva MAYDELL,Bulgaria,Group of the European People's Party (Christian Democrats),Citizens for European Development of Bulgaria
38511,Georg MAYER,Austria,Identity and Democracy Group,Freiheitliche Partei Österreichs
197538,Beata MAZUREK,Poland,European Conservatives and Reformists Group,Prawo i Sprawiedliwość
197841,Liudas MAŽYLIS,Lithuania,Group of the European People's Party (Christian Democrats),Tėvynės sąjunga-Lietuvos krikščionys demokratai
204418,Nora MEBAREK,France,Group of the Progressive Alliance of Socialists and Democrats in the European Parliament,Parti socialiste
197662,Vangelis MEIMARAKIS,Greece,Group of the European People's Party (Christian Democrats),Nea Demokratia
130256,Dace MELBĀRDE,Latvia,European Conservatives and Reformists Group,"Nacionālā apvienība ""Visu Latvijai!""-""Tēvzemei un Brīvībai/LNNK"""
197567,Karen MELCHIOR,Denmark,Renew Europe Group,Det Radikale Venstre
124765,Joëlle MÉLIN,France,Identity and Democracy Group,Rassemblement national
96978,Nuno MELO,Portugal,Group of the European People's Party (Christian Democrats),Partido do Centro Democrático Social-Partido Popular
118859,Roberta METSOLA,Malta,Group of the European People's Party (Christian Democrats),Partit Nazzjonalista
193292,Tilly METZ,Luxembourg,Group of the Greens/European Free Alliance,Déi Gréng - Les Verts
190518,Jörg MEUTHEN,Germany,Identity and Democracy Group,Alternative für Deutschland
120478,Martina MICHELS,Germany,The Left group in the European Parliament - GUE/NGL,DIE LINKE.
125128,Iskra MIHAYLOVA,Bulgaria,Renew Europe Group,Movement for Rights and Freedoms
197497,Sven MIKSER,Estonia,Group of the Progressive Alliance of Socialists and Democrats in the European Parliament,Sotsiaaldemokraatlik Erakond
197824,Giuseppe MILAZZO,Italy,European Conservatives and Reformists Group,Fratelli d'Italia
28400,Francisco José MILLÁN MON,Spain,Group of the European People's Party (Christian Democrats),Partido Popular
197540,Leszek MILLER,Poland,Group of the Progressive Alliance of Socialists and Democrats in the European Parliament,Sojusz Lewicy Demokratycznej
212855,Alin MITUȚA,Romania,Renew Europe Group,"Partidul Libertate, Unitate și Solidaritate"
197805,Silvia MODIG,Finland,The Left group in the European Parliament - GUE/NGL,Vasemmistoliitto
124722,Csaba MOLNÁR,Hungary,Group of the Progressive Alliance of Socialists and Democrats in the European Parliament,Demokratikus Koalíció
124734,Cláudia MONTEIRO DE AGUIAR,Portugal,Group of the European People's Party (Christian Democrats),Partido Social Democrata
197711,Dolors MONTSERRAT,Spain,Group of the European People's Party (Christian Democrats),Partido Popular
72779,Nadine MORANO,France,Group of the European People's Party (Christian Democrats),Les Républicains
28347,Javier MORENO SÁNCHEZ,Spain,Group of the Progressive Alliance of Socialists and Democrats in the European Parliament,Partido Socialista Obrero Español
124799,Alessandra MORETTI,Italy,Group of the Progressive Alliance of Socialists and Democrats in the European Parliament,Partito Democratico
197427,Marlene MORTLER,Germany,Group of the European People's Party (Christian Democrats),Christlich-Soziale Union in Bayern e.V.
197647,Dan-Ştefan MOTREANU,Romania,Group of the European People's Party (Christian Democrats),Partidul Naţional Liberal
197541,Andżelika Anna MOŻDŻANOWSKA,Poland,European Conservatives and Reformists Group,Prawo i Sprawiedliwość
124862,Ulrike MÜLLER,Germany,Renew Europe Group,Freie Wähler
124802,Siegfried MUREŞAN,Romania,Group of the European People's Party (Christian Democrats),Partidul Naţional Liberal
190519,Caroline NAGTEGAAL,Netherlands,Renew Europe Group,Volkspartij voor Vrijheid en Democratie
125005,Javier NART,Spain,Renew Europe Group,Independiente
88882,Victor NEGRESCU,Romania,Group of the Progressive Alliance of Socialists and Democrats in the European Parliament,Partidul Social Democrat
197464,Hannah NEUMANN,Germany,Group of the Greens/European Free Alliance,Bündnis 90/Die Grünen
96844,Norbert NEUSER,Germany,Group of the Progressive Alliance of Socialists and Democrats in the European Parliament,Sozialdemokratische Partei Deutschlands
124784,Dan NICA,Romania,Group of the Progressive Alliance of Socialists and Democrats in the European Parliament,Partidul Social Democrat
4289,Angelika NIEBLER,Germany,Group of the European People's Party (Christian Democrats),Christlich-Soziale Union in Bayern e.V.
124701,Luděk NIEDERMAYER,Czechia,Group of the European People's Party (Christian Democrats),TOP 09 a Starostové
197465,Niklas NIENASS,Germany,Group of the Greens/European Free Alliance,Bündnis 90/Die Grünen
197802,Ville NIINISTÖ,Finland,Group of the Greens/European Free Alliance,Vihreä liitto
197734,Lefteris NIKOLAOU-ALAVANOS,Greece,Non-attached Members,Communist Party of Greece
202112,Gheorghe-Vlad NISTOR,Romania,Group of the European People's Party (Christian Democrats),Partidul Naţional Liberal
124836,Maria NOICHL,Germany,Group of the Progressive Alliance of Socialists and Democrats in the European Parliament,Sozialdemokratische Partei Deutschlands
28294,Ljudmila NOVAK,Slovenia,Group of the European People's Party (Christian Democrats),Nova Slovenija – Krščanski demokrati
107212,Andrey NOVAKOV,Bulgaria,Group of the European People's Party (Christian Democrats),Citizens for European Development of Bulgaria
197542,Janina OCHOJSKA,Poland,Group of the European People's Party (Christian Democrats),Independent
197432,Jan-Christoph OETJEN,Germany,Renew Europe Group,Freie Demokratische Partei
28288,Jan OLBRYCHT,Poland,Group of the European People's Party (Christian Democrats),Platforma Obywatelska
197838,Juozas OLEKAS,Lithuania,Group of the Progressive Alliance of Socialists and Democrats in the European Parliament,Lietuvos socialdemokratų partija
197687,Philippe OLIVIER,France,Identity and Democracy Group,Rassemblement national
30482,Younous OMARJEE,France,The Left group in the European Parliament - GUE/NGL,La France Insoumise
197889,Grace O'SULLIVAN,Ireland,Group of the Greens/European Free Alliance,Green Party
129073,Urmas PAET,Estonia,Renew Europe Group,Eesti Reformierakond
125038,Maite PAGAZAURTUNDÚA,Spain,Renew Europe Group,Delegación Ciudadanos Europeos
99283,Alessandro PANZA,Italy,Identity and Democracy Group,Lega
124692,Demetris PAPADAKIS,Cyprus,Group of the Progressive Alliance of Socialists and Democrats in the European Parliament,Movement for Social Democracy EDEK
125093,Kostas PAPADAKIS,Greece,Non-attached Members,Communist Party of Greece
28586,Dimitrios PAPADIMOULIS,Greece,The Left group in the European Parliament - GUE/NGL,Coalition of the Radical Left
36392,Aldo PATRICIELLO,Italy,Group of the European People's Party (Christian Democrats),Forza Italia
197466,Jutta PAULUS,Germany,Group of the Greens/European Free Alliance,Bündnis 90/Die Grünen
124844,Piernicola PEDICINI,Italy,Group of the Greens/European Free Alliance,Independent
197563,Mauri PEKKARINEN,Finland,Renew Europe Group,Suomen Keskusta
197539,Mikuláš PEKSA,Czechia,Group of the Greens/European Free Alliance,PIRÁTI
197527,Anne-Sophie PELLETIER,France,The Left group in the European Parliament - GUE/NGL,La France Insoumise
197845,Tsvetelina PENKOVA,Bulgaria,Group of the Progressive Alliance of Socialists and Democrats in the European Parliament,Bulgarian Socialist Party
197754,Sandra PEREIRA,Portugal,The Left group in the European Parliament - GUE/NGL,Partido Comunista Português
197738,Lídia PEREIRA,Portugal,Group of the European People's Party (Christian Democrats),Partido Social Democrata
197573,Kira Marie PETER-HANSEN,Denmark,Group of the Greens/European Free Alliance,Socialistisk Folkeparti
124872,Morten PETERSEN,Denmark,Renew Europe Group,Det Radikale Venstre
124846,Pina PICIERNO,Italy,Group of the Progressive Alliance of Socialists and Democrats in the European Parliament,Partito Democratico
112744,Tonino PICULA,Croatia,Group of the Progressive Alliance of Socialists and Democrats in the European Parliament,Socijaldemokratska partija Hrvatske
28224,Markus PIEPER,Germany,Group of the European People's Party (Christian Democrats),Christlich Demokratische Union Deutschlands
40599,Sirpa PIETIKÄINEN,Finland,Group of the European People's Party (Christian Democrats),Kansallinen Kokoomus
197619,Sabrina PIGNEDOLI,Italy,Non-attached Members,Movimento 5 Stelle
136236,João PIMENTA LOPES,Portugal,The Left group in the European Parliament - GUE/NGL,Partido Comunista Português
197828,Manu PINEDA,Spain,The Left group in the European Parliament - GUE/NGL,Izquierda Unida
197629,Maxette PIRBAKAS,France,Identity and Democracy Group,Rassemblement national
197590,Giuliano PISAPIA,Italy,Group of the Progressive Alliance of Socialists and Democrats in the European Parliament,Independent
197663,Dragoş PÎSLARU,Romania,Renew Europe Group,"Partidul Libertate, Unitate și Solidaritate"
197732,Manuel PIZARRO,Portugal,Group of the Progressive Alliance of Socialists and Democrats in the European Parliament,Partido Socialista
38595,Rovana PLUMB,Romania,Group of the Progressive Alliance of Socialists and Democrats in the European Parliament,Partidul Social Democrat
124704,Stanislav POLČÁK,Czechia,Group of the European People's Party (Christian Democrats),Starostové a nezávisli
197404,Jessica POLFJÄRD,Sweden,Group of the European People's Party (Christian Democrats),Moderaterna
197765,Peter POLLÁK,Slovakia,Group of the European People's Party (Christian Democrats),Obyčajní ľudia a nezávislé osobnosti
204443,Clara PONSATÍ OBIOLS,Spain,Non-attached Members,Junts per Catalunya - Lliures per Europa
96801,Tomasz Piotr PORĘBA,Poland,European Conservatives and Reformists Group,Prawo i Sprawiedliwość
125706,Jiří POSPÍŠIL,Czechia,Group of the European People's Party (Christian Democrats),TOP 09 a Starostové
197820,Nicola PROCACCINI,Italy,European Conservatives and Reformists Group,Fratelli d'Italia
202351,Carles PUIGDEMONT I CASAMAJÓ,Spain,Non-attached Members,Junts per Catalunya - Lliures per Europa
197764,Miroslav RADAČOVSKÝ,Slovakia,Non-attached Members,Slovak PATRIOT
124850,Emil RADEV,Bulgaria,Group of the European People's Party (Christian Democrats),Citizens for European Development of Bulgaria
188945,Dennis RADTKE,Germany,Group of the European People's Party (Christian Democrats),Christlich Demokratische Union Deutschlands
197868,Samira RAFAELA,Netherlands,Renew Europe Group,Democraten 66
197544,Elżbieta RAFALSKA,Poland,European Conservatives and Reformists Group,Prawo i Sprawiedliwość
96903,Paulo RANGEL,Portugal,Group of the European People's Party (Christian Democrats),Partido Social Democrata
197790,Luisa REGIMENTI,Italy,Group of the European People's Party (Christian Democrats),Forza Italia
96998,Evelyn REGNER,Austria,Group of the Progressive Alliance of Socialists and Democrats in the European Parliament,Sozialdemokratische Partei Österreichs
197681,Sira REGO,Spain,The Left group in the European Parliament - GUE/NGL,Izquierda Unida
197488,Guido REIL,Germany,Identity and Democracy Group,Alternative für Deutschland
103381,Terry REINTKE,Germany,Group of the Greens/European Free Alliance,Bündnis 90/Die Grünen
197413,Karlo RESSLER,Croatia,Group of the European People's Party (Christian Democrats),Hrvatska demokratska zajednica
218347,Thijs REUTEN,Netherlands,Group of the Progressive Alliance of Socialists and Democrats in the European Parliament,Partij van de Arbeid
197832,Diana RIBA I GINER,Spain,Group of the Greens/European Free Alliance,Esquerra Republicana de Catalunya
4253,Frédérique RIES,Belgium,Renew Europe Group,Mouvement Réformateur
197787,Antonio Maria RINALDI,Italy,Identity and Democracy Group,Lega
206158,Manuela RIPA,Germany,Group of the Greens/European Free Alliance,Ökologisch-Demokratische Partei
96885,Dominique RIQUET,France,Renew Europe Group,Mouvement Radical Social-Libéral
96743,Michèle RIVASI,France,Group of the Greens/European Free Alliance,Europe Écologie
197615,Jérôme RIVIÈRE,France,Identity and Democracy Group,Rassemblement national
197801,Franco ROBERTI,Italy,Group of the Progressive Alliance of Socialists and Democrats in the European Parliament,Partito Democratico
125043,Inma RODRÍGUEZ-PIÑERO,Spain,Group of the Progressive Alliance of Socialists and Democrats in the European Parliament,Partido Socialista Obrero Español
197785,Eugenia RODRÍGUEZ PALOP,Spain,The Left group in the European Parliament - GUE/NGL,PODEMOS
4344,María Soraya RODRÍGUEZ RAMOS,Spain,Renew Europe Group,Ciudadanos – Partido de la Ciudadanía
197584,Sándor RÓNAI,Hungary,Group of the Progressive Alliance of Socialists and Democrats in the European Parliament,Demokratikus Koalíció
197792,Daniela RONDINELLI,Italy,Non-attached Members,Movimento 5 Stelle
197776,Rob ROOKEN,Netherlands,European Conservatives and Reformists Group,JA21
204733,Dorien ROOKMAKER,Netherlands,Non-attached Members,Meer Directe Democratie
197709,Robert ROOS,Netherlands,European Conservatives and Reformists Group,JA21
197506,Caroline ROOSE,France,Group of the Greens/European Free Alliance,Europe Écologie
125214,Bronis ROPĖ,Lithuania,Group of the Greens/European Free Alliance,Lietuvos valstiečių ir žaliųjų sąjunga
204413,Marcos ROS SEMPERE,Spain,Group of the Progressive Alliance of Socialists and Democrats in the European Parliament,Partido Socialista Obrero Español
197690,André ROUGÉ,France,Identity and Democracy Group,Rassemblement national
197773,Bert-Jan RUISSEN,Netherlands,European Conservatives and Reformists Group,Staatkundig Gereformeerde Partij
127096,Domènec RUIZ DEVESA,Spain,Group of the Progressive Alliance of Socialists and Democrats in the European Parliament,Partido Socialista Obrero Español
197545,Bogdan RZOŃCA,Poland,European Conservatives and Reformists Group,Prawo i Sprawiedliwość
204368,Christian SAGARTZ,Austria,Group of the European People's Party (Christian Democrats),Österreichische Volkspartei
125670,Massimiliano SALINI,Italy,Group of the European People's Party (Christian Democrats),Forza Italia
197722,Nacho SÁNCHEZ AMOR,Spain,Group of the Progressive Alliance of Socialists and Democrats in the European Parliament,Partido Socialista Obrero Español
24594,Anne SANDER,France,Group of the European People's Party (Christian Democrats),Les Républicains
124781,Alfred SANT,Malta,Group of the Progressive Alliance of Socialists and Democrats in the European Parliament,Partit Laburista
197650,Isabel SANTOS,Portugal,Group of the Progressive Alliance of Socialists and Democrats in the European Parliament,Partido Socialista
197578,Silvia SARDONE,Italy,Identity and Democracy Group,Lega
112611,Petri SARVAMAA,Finland,Group of the European People's Party (Christian Democrats),Kansallinen Kokoomus
28297,Jacek SARYUSZ-WOLSKI,Poland,European Conservatives and Reformists Group,Prawo i Sprawiedliwość
96864,David Maria SASSOLI,Italy,Group of the Progressive Alliance of Socialists and Democrats in the European Parliament,Partito Democratico
197500,Mounir SATOURI,France,Group of the Greens/European Free Alliance,Europe Écologie
37312,Christel SCHALDEMOSE,Denmark,Group of the Progressive Alliance of Socialists and Democrats in the European Parliament,Socialdemokratiet
213330,Ernő SCHALLER-BAROSS,Hungary,Non-attached Members,Fidesz-Magyar Polgári Szövetség-Kereszténydemokrata Néppárt
197670,Andreas SCHIEDER,Austria,Group of the Progressive Alliance of Socialists and Democrats in the European Parliament,Sozialdemokratische Partei Österreichs
190517,Martin SCHIRDEWAN,Germany,The Left group in the European Parliament - GUE/NGL,DIE LINKE.
197656,Simone SCHMIEDTBAUER,Austria,Group of the European People's Party (Christian Democrats),Österreichische Volkspartei
197422,Christine SCHNEIDER,Germany,Group of the European People's Party (Christian Democrats),Christlich Demokratische Union Deutschlands
96646,Helmut SCHOLZ,Germany,The Left group in the European Parliament - GUE/NGL,DIE LINKE.
125030,Annie SCHREIJER-PIERIK,Netherlands,Group of the European People's Party (Christian Democrats),Christen Democratisch Appèl
197869,Liesje SCHREINEMACHER,Netherlands,Renew Europe Group,Volkspartij voor Vrijheid en Democratie
124837,Joachim SCHUSTER,Germany,Group of the Progressive Alliance of Socialists and Democrats in the European Parliament,Sozialdemokratische Partei Deutschlands
28223,Andreas SCHWAB,Germany,Group of the European People's Party (Christian Democrats),Christlich Demokratische Union Deutschlands
197425,Ralf SEEKATZ,Germany,Group of the European People's Party (Christian Democrats),Christlich Demokratische Union Deutschlands
197508,Stéphane SÉJOURNÉ,France,Renew Europe Group,La République en marche
197418,Monica SEMEDO,Luxembourg,Renew Europe Group,Indépendent
197423,Nico SEMSROTT,Germany,Group of the Greens/European Free Alliance,Independent
197677,Günther SIDL,Austria,Group of the Progressive Alliance of Socialists and Democrats in the European Parliament,Sozialdemokratische Partei Österreichs
197548,Radosław SIKORSKI,Poland,Group of the European People's Party (Christian Democrats),Platforma Obywatelska
124747,Pedro SILVA PEREIRA,Portugal,Group of the Progressive Alliance of Socialists and Democrats in the European Parliament,Partido Socialista
103746,Michal ŠIMEČKA,Slovakia,Renew Europe Group,Progresívne Slovensko
197426,Sven SIMON,Germany,Group of the European People's Party (Christian Democrats),Christlich Demokratische Union Deutschlands
197935,Ivan Vilibor SINČIĆ,Croatia,Non-attached Members,Živi Zid
96932,Birgit SIPPEL,Germany,Group of the Progressive Alliance of Socialists and Democrats in the European Parliament,Sozialdemokratische Partei Deutschlands
197390,Sara SKYTTEDAL,Sweden,Group of the European People's Party (Christian Democrats),Kristdemokraterna
197849,Andrey SLABAKOV,Bulgaria,European Conservatives and Reformists Group,VMRO
197791,Massimiliano SMERIGLIO,Italy,Group of the Progressive Alliance of Socialists and Democrats in the European Parliament,Partito Democratico
204334,Vincenzo SOFO,Italy,European Conservatives and Reformists Group,Fratelli d'Italia
124710,Michaela ŠOJDROVÁ,Czechia,Group of the European People's Party (Christian Democrats),Křesťanská a demokratická unie - Československá strana lidová
197417,Tomislav SOKOL,Croatia,Group of the European People's Party (Christian Democrats),Hrvatska demokratska zajednica
185974,Jordi SOLÉ,Spain,Group of the Greens/European Free Alliance,Esquerra Republicana de Catalunya
197784,Susana SOLÍS PÉREZ,Spain,Renew Europe Group,Ciudadanos – Partido de la Ciudadanía
124834,Martin SONNEBORN,Germany,Non-attached Members,Die PARTEI
197550,Sylwia SPUREK,Poland,Group of the Greens/European Free Alliance,Independent
125064,Maria SPYRAKI,Greece,Group of the European People's Party (Christian Democrats),Nea Demokratia
197825,Raffaele STANCANELLI,Italy,European Conservatives and Reformists Group,Fratelli d'Italia
124852,Sergei STANISHEV,Bulgaria,Group of the Progressive Alliance of Socialists and Democrats in the European Parliament,Bulgarian Socialist Party
124929,Ivan ŠTEFANEC,Slovakia,Group of the European People's Party (Christian Democrats),Kresťanskodemokratické hnutie
58766,Nicolae ŞTEFĂNUȚĂ,Romania,Renew Europe Group,Uniunea Salvați România
197399,Jessica STEGRUD,Sweden,European Conservatives and Reformists Group,Sverigedemokraterna
197772,Tineke STRIK,Netherlands,Group of the Greens/European Free Alliance,GroenLinks
134605,Ramona STRUGARIU,Romania,Renew Europe Group,"Partidul Libertate, Unitate și Solidaritate"
197553,Beata SZYDŁO,Poland,European Conservatives and Reformists Group,Prawo i Sprawiedliwość
204331,Linea SØGAARD-LIDELL,Denmark,Renew Europe Group,"Venstre, Danmarks Liberale Parti"
2187,Antonio TAJANI,Italy,Group of the European People's Party (Christian Democrats),Forza Italia
125020,Paul TANG,Netherlands,Group of the Progressive Alliance of Socialists and Democrats in the European Parliament,Partij van de Arbeid
29579,Marc TARABELLA,Belgium,Group of the Progressive Alliance of Socialists and Democrats in the European Parliament,Parti Socialiste
204346,Dominik TARCZYŃSKI,Poland,European Conservatives and Reformists Group,Prawo i Sprawiedliwość
197806,Annalisa TARDINO,Italy,Identity and Democracy Group,Lega
197756,Vera TAX,Netherlands,Group of the Progressive Alliance of Socialists and Democrats in the European Parliament,Partij van de Arbeid
197655,Cristian TERHEŞ,Romania,European Conservatives and Reformists Group,Partidul Național Țărănesc Creștin Democrat
204449,Riho TERRAS,Estonia,Group of the European People's Party (Christian Democrats),Isamaa
197831,Hermann TERTSCH,Spain,European Conservatives and Reformists Group,VOX
197667,Barbara THALER,Austria,Group of the European People's Party (Christian Democrats),Österreichische Volkspartei
96776,Róża THUN UND HOHENSTEIN,Poland,Renew Europe Group,Polska 2050
197591,Irene TINAGLI,Italy,Group of the Progressive Alliance of Socialists and Democrats in the European Parliament,Partito Democratico
197402,Tomas TOBÉ,Sweden,Group of the European People's Party (Christian Democrats),Moderaterna
197559,Grzegorz TOBISZOWSKI,Poland,European Conservatives and Reformists Group,Prawo i Sprawiedliwość
28340,Patrizia TOIA,Italy,Group of the Progressive Alliance of Socialists and Democrats in the European Parliament,Partito Democratico
197547,Irène TOLLERET,France,Renew Europe Group,Liste Renaissance
197672,Eugen TOMAC,Romania,Group of the European People's Party (Christian Democrats),Partidul Mișcarea Populară
96697,Valdemar TOMAŠEVSKI,Lithuania,European Conservatives and Reformists Group,Lietuvos lenkų rinkimų akcija – Krikščioniškų šeimų sąjunga
125104,Romana TOMC,Slovenia,Group of the European People's Party (Christian Democrats),Slovenska demokratska stranka
124700,Yana TOOM,Estonia,Renew Europe Group,Eesti Keskerakond
114268,Nils TORVALDS,Finland,Renew Europe Group,Svenska folkpartiet
96713,Evžen TOŠENOVSKÝ,Czechia,European Conservatives and Reformists Group,Občanská demokratická strana
27714,Edina TÓTH,Hungary,Non-attached Members,Fidesz-Magyar Polgári Szövetség-Kereszténydemokrata Néppárt
97236,Marie TOUSSAINT,France,Group of the Greens/European Free Alliance,Europe Écologie
197580,Isabella TOVAGLIERI,Italy,Identity and Democracy Group,Lega
197593,Véronique TRILLET-LENOIR,France,Renew Europe Group,Liste Renaissance
197894,László TRÓCSÁNYI,Hungary,Non-attached Members,Fidesz-Magyar Polgári Szövetség-Kereszténydemokrata Néppárt
197665,Dragoş TUDORACHE,Romania,Renew Europe Group,"Partidul Libertate, Unitate și Solidaritate"
198183,Mihai TUDOSE,Romania,Group of the Progressive Alliance of Socialists and Democrats in the European Parliament,Partidul Social Democrat
197763,Milan UHRÍK,Slovakia,Non-attached Members,Hnutie Republika
124705,István UJHELYI,Hungary,Group of the Progressive Alliance of Socialists and Democrats in the European Parliament,Magyar Szocialista Párt
131507,Miguel URBÁN CRESPO,Spain,The Left group in the European Parliament - GUE/NGL,ANTICAPITALISTAS
124972,Ernest URTASUN,Spain,Group of the Greens/European Free Alliance,Catalunya en Comú
197810,Nils UŠAKOVS,Latvia,Group of the Progressive Alliance of Socialists and Democrats in the European Parliament,"""Saskaņa"" sociāldemokrātiskā partija"
96698,Viktor USPASKICH,Lithuania,Non-attached Members,Darbo partija
28617,Inese VAIDERE,Latvia,Group of the European People's Party (Christian Democrats),"Partija ""VIENOTĪBA"""
124934,Monika VANA,Austria,Group of the Greens/European Free Alliance,Die Grünen - Die Grüne Alternative
5729,Kathleen VAN BREMPT,Belgium,Group of the Progressive Alliance of Socialists and Democrats in the European Parliament,Socialistische Partij.Anders
185771,Tom VANDENDRIESSCHE,Belgium,Identity and Democracy Group,Vlaams Belang
129164,Tom VANDENKENDELAERE,Belgium,Group of the European People's Party (Christian Democrats),Christen-Democratisch & Vlaams
125106,Johan VAN OVERTVELDT,Belgium,European Conservatives and Reformists Group,Nieuw-Vlaamse Alliantie
197870,Kim VAN SPARRENTAK,Netherlands,Group of the Greens/European Free Alliance,GroenLinks
130100,Hilde VAUTMANS,Belgium,Renew Europe Group,Open Vlaamse Liberalen en Democraten
197502,Marie-Pierre VEDRENNE,France,Renew Europe Group,Mouvement Démocrate
96756,Sabine VERHEYEN,Germany,Group of the European People's Party (Christian Democrats),Christlich Demokratische Union Deutschlands
97058,Guy VERHOFSTADT,Belgium,Renew Europe Group,Open Vlaamse Liberalen en Democraten
125001,Harald VILIMSKY,Austria,Identity and Democracy Group,Freiheitliche Partei Österreichs
197827,Idoia VILLANUEVA RUIZ,Spain,The Left group in the European Parliament - GUE/NGL,PODEMOS
197571,Nikolaj VILLUMSEN,Denmark,The Left group in the European Parliament - GUE/NGL,Enhedslisten
98582,Loránt VINCZE,Romania,Group of the European People's Party (Christian Democrats),Uniunea Democrată Maghiară din România
199941,Marianne VIND,Denmark,Group of the Progressive Alliance of Socialists and Democrats in the European Parliament,Socialdemokratiet
124726,Henna VIRKKUNEN,Finland,Group of the European People's Party (Christian Democrats),Kansallinen Kokoomus
197844,Petar VITANOV,Bulgaria,Group of the Progressive Alliance of Socialists and Democrats in the European Parliament,Bulgarian Socialist Party
197678,Bettina VOLLATH,Austria,Group of the Progressive Alliance of Socialists and Democrats in the European Parliament,Sozialdemokratische Partei Österreichs
197451,Viola VON CRAMON-TAUBADEL,Germany,Group of the Greens/European Free Alliance,Bündnis 90/Die Grünen
197537,Alexandr VONDRA,Czechia,European Conservatives and Reformists Group,Občanská demokratická strana
96761,Axel VOSS,Germany,Group of the European People's Party (Christian Democrats),Christlich Demokratische Union Deutschlands
125065,Elissavet VOZEMBERG-VRIONIDI,Greece,Group of the European People's Party (Christian Democrats),Nea Demokratia
197552,Veronika VRECIONOVÁ,Czechia,European Conservatives and Reformists Group,Občanská demokratická strana
197798,Lucia VUOLO,Italy,Group of the European People's Party (Christian Democrats),Forza Italia
204400,Adrián VÁZQUEZ LÁZARA,Spain,Renew Europe Group,Ciudadanos – Partido de la Ciudadanía
190464,Thomas WAITZ,Austria,Group of the Greens/European Free Alliance,Die Grünen - Die Grüne Alternative
197817,Mick WALLACE,Ireland,The Left group in the European Parliament - GUE/NGL,Independents for change
197863,Maria WALSH,Ireland,Group of the European People's Party (Christian Democrats),Fine Gael Party
197429,Marion WALSMANN,Germany,Group of the European People's Party (Christian Democrats),Christlich Demokratische Union Deutschlands
197405,Jörgen WARBORN,Sweden,Group of the European People's Party (Christian Democrats),Moderaterna
197566,Witold Jan WASZCZYKOWSKI,Poland,European Conservatives and Reformists Group,Prawo i Sprawiedliwość
28229,Manfred WEBER,Germany,Group of the European People's Party (Christian Democrats),Christlich-Soziale Union in Bayern e.V.
123562,Charlie WEIMERS,Sweden,European Conservatives and Reformists Group,Sverigedemokraterna
197515,Pernille WEISS,Denmark,Group of the European People's Party (Christian Democrats),Det Konservative Folkeparti
2323,Rainer WIELAND,Germany,Group of the European People's Party (Christian Democrats),Christlich Demokratische Union Deutschlands
197675,Sarah WIENER,Austria,Group of the Greens/European Free Alliance,Die Grünen - Die Grüne Alternative
214839,Emma WIESNER,Sweden,Renew Europe Group,Centerpartiet
197769,Michal WIEZIK,Slovakia,Group of the European People's Party (Christian Democrats),SPOLU – občianska demokracia
39725,Iuliu WINKLER,Romania,Group of the European People's Party (Christian Democrats),Uniunea Democrată Maghiară din România
197652,Angelika WINZIG,Austria,Group of the European People's Party (Christian Democrats),Österreichische Volkspartei
197421,Isabel WISELER-LIMA,Luxembourg,Group of the European People's Party (Christian Democrats),Parti chrétien social luxembourgeois
124877,Jadwiga WIŚNIEWSKA,Poland,European Conservatives and Reformists Group,Prawo i Sprawiedliwość
185619,Tiemo WÖLKEN,Germany,Group of the Progressive Alliance of Socialists and Democrats in the European Parliament,Sozialdemokratische Partei Deutschlands
5392,Lara WOLTERS,Netherlands,Group of the Progressive Alliance of Socialists and Democrats in the European Parliament,Partij van de Arbeid
197511,Salima YENBOU,France,Group of the Greens/European Free Alliance,Europe Écologie
197581,Stéphanie YON-COURTIN,France,Renew Europe Group,Liste Renaissance
197842,Elena YONCHEVA,Bulgaria,Group of the Progressive Alliance of Socialists and Democrats in the European Parliament,Bulgarian Socialist Party
197499,Chrysoula ZACHAROPOULOU,France,Renew Europe Group,La République en marche
125067,Theodoros ZAGORAKIS,Greece,Group of the European People's Party (Christian Democrats),Nea Demokratia
23712,Jan ZAHRADIL,Czechia,European Conservatives and Reformists Group,Občanská demokratická strana
197572,Anna ZALEWSKA,Poland,European Conservatives and Reformists Group,Prawo i Sprawiedliwość
197586,Stefania ZAMBELLI,Italy,Identity and Democracy Group,Lega
124780,Marco ZANNI,Italy,Identity and Democracy Group,Lega
197606,Javier ZARZALEJOS,Spain,Group of the European People's Party (Christian Democrats),Partido Popular
28619,Tatjana ŽDANOKA,Latvia,Group of the Greens/European Free Alliance,Latvijas Krievu savienība
124713,Tomáš ZDECHOVSKÝ,Czechia,Group of the European People's Party (Christian Democrats),Křesťanská a demokratická unie - Československá strana lidová
28615,Roberts ZĪLE,Latvia,European Conservatives and Reformists Group,"Nacionālā apvienība ""Visu Latvijai!""-""Tēvzemei un Brīvībai/LNNK"""
197489,Bernhard ZIMNIOK,Germany,Identity and Democracy Group,Alternative für Deutschland
124884,Kosma ZŁOTOWSKI,Poland,European Conservatives and Reformists Group,Prawo i Sprawiedliwość
197621,Juan Ignacio ZOIDO ÁLVAREZ,Spain,Group of the European People's Party (Christian Democrats),Partido Popular
124739,Carlos ZORRINHO,Portugal,Group of the Progressive Alliance of Socialists and Democrats in the European Parliament,Partido Socialista
185341,Željana ZOVKO,Croatia,Group of the European People's Party (Christian Democrats),Hrvatska demokratska zajednica
125237,Marco ZULLO,Italy,Renew Europe Group,Independent
96933,Milan ZVER,Slovenia,Group of the European People's Party (Christian Democrats),Slovenska demokratska stranka
